109334055;SGMGMF1510;109334303;Blue Medium 04;X Large;0;Magellan Outdoors Men's Laguna Madre Solid Short Sleeve Fishing Shirt;Magellan Outdoors;17.99;The Magellan Outdoors Men's Laguna Madre Solid Short Sleeve Fishing Shirt has 2 hook-and-loop pockets and a relaxed fit.;assets.academy.com/mgen/50/10740350.jpg;assets.academy.com/mgen/51/10740351.jpg;assets.academy.com/mgen/54/10779854.jpg;assets.academy.com/mgen/95/10787095.jpg;Clothing --> Men's Clothing --> Men's Shirts;https://www.academy.com/shop/pdp/magellan-outdoors%E2%84%A2-mens-laguna-madre-solid-short-sleeve-fishing-shirt#repChildCatid=3886576;4.0
109334055;SGMGMF1510;109334311;Blue Medium 04;X Large Tall;0;Magellan Outdoors Men's Laguna Madre Solid Short Sleeve Fishing Shirt;Magellan Outdoors;17.99;The Magellan Outdoors Men's Laguna Madre Solid Short Sleeve Fishing Shirt has 2 hook-and-loop pockets and a relaxed fit.;assets.academy.com/mgen/50/10740350.jpg;assets.academy.com/mgen/51/10740351.jpg;assets.academy.com/mgen/54/10779854.jpg;assets.academy.com/mgen/95/10787095.jpg;Clothing --> Men's Clothing --> Men's Shirts;https://www.academy.com/shop/pdp/magellan-outdoors%E2%84%A2-mens-laguna-madre-solid-short-sleeve-fishing-shirt#repChildCatid=3886576;1.0
109334055;SGMGMF1510;109334320;Blue Medium 04;XX Large;0;Magellan Outdoors Men's Laguna Madre Solid Short Sleeve Fishing Shirt;Magellan Outdoors;17.99;The Magellan Outdoors Men's Laguna Madre Solid Short Sleeve Fishing Shirt has 2 hook-and-loop pockets and a relaxed fit.;assets.academy.com/mgen/50/10740350.jpg;assets.academy.com/mgen/51/10740351.jpg;assets.academy.com/mgen/54/10779854.jpg;assets.academy.com/mgen/95/10787095.jpg;Clothing --> Men's Clothing --> Men's Shirts;https://www.academy.com/shop/pdp/magellan-outdoors%E2%84%A2-mens-laguna-madre-solid-short-sleeve-fishing-shirt#repChildCatid=3886576;7.0
109334055;SGMGMF1510;109334338;Blue Medium 04;XX Large Tall;0;Magellan Outdoors Men's Laguna Madre Solid Short Sleeve Fishing Shirt;Magellan Outdoors;17.99;The Magellan Outdoors Men's Laguna Madre Solid Short Sleeve Fishing Shirt has 2 hook-and-loop pockets and a relaxed fit.;assets.academy.com/mgen/50/10740350.jpg;assets.academy.com/mgen/51/10740351.jpg;assets.academy.com/mgen/54/10779854.jpg;assets.academy.com/mgen/95/10787095.jpg;Clothing --> Men's Clothing --> Men's Shirts;https://www.academy.com/shop/pdp/magellan-outdoors%E2%84%A2-mens-laguna-madre-solid-short-sleeve-fishing-shirt#repChildCatid=3886576;2.0
109334055;SGMGMF1510;109334346;Blue Medium 04;XXX Large;0;Magellan Outdoors Men's Laguna Madre Solid Short Sleeve Fishing Shirt;Magellan Outdoors;17.99;The Magellan Outdoors Men's Laguna Madre Solid Short Sleeve Fishing Shirt has 2 hook-and-loop pockets and a relaxed fit.;assets.academy.com/mgen/50/10740350.jpg;assets.academy.com/mgen/51/10740351.jpg;assets.academy.com/mgen/54/10779854.jpg;assets.academy.com/mgen/95/10787095.jpg;Clothing --> Men's Clothing --> Men's Shirts;https://www.academy.com/shop/pdp/magellan-outdoors%E2%84%A2-mens-laguna-madre-solid-short-sleeve-fishing-shirt#repChildCatid=3886576;2.0
109334055;SGMGMF1510;109334354;Blue Medium 04;XXXX Large;0;Magellan Outdoors Men's Laguna Madre Solid Short Sleeve Fishing Shirt;Magellan Outdoors;17.99;The Magellan Outdoors Men's Laguna Madre Solid Short Sleeve Fishing Shirt has 2 hook-and-loop pockets and a relaxed fit.;assets.academy.com/mgen/50/10740350.jpg;assets.academy.com/mgen/51/10740351.jpg;assets.academy.com/mgen/54/10779854.jpg;assets.academy.com/mgen/95/10787095.jpg;Clothing --> Men's Clothing --> Men's Shirts;https://www.academy.com/shop/pdp/magellan-outdoors%E2%84%A2-mens-laguna-madre-solid-short-sleeve-fishing-shirt#repChildCatid=3886576;2.0
109334055;SGMGMF1510;109334362;White;X Small;0;Magellan Outdoors Men's Laguna Madre Solid Short Sleeve Fishing Shirt;Magellan Outdoors;17.99;The Magellan Outdoors Men's Laguna Madre Solid Short Sleeve Fishing Shirt has 2 hook-and-loop pockets and a relaxed fit.;assets.academy.com/mgen/35/10740335.jpg;assets.academy.com/mgen/36/10740336.jpg;assets.academy.com/mgen/71/10804571.jpg;assets.academy.com/mgen/45/10815645.jpg;Clothing --> Men's Clothing --> Men's Shirts;https://www.academy.com/shop/pdp/magellan-outdoors%E2%84%A2-mens-laguna-madre-solid-short-sleeve-fishing-shirt#repChildCatid=3886576;1.0
109334055;SGMGMF1510;109334371;White;Small;0;Magellan Outdoors Men's Laguna Madre Solid Short Sleeve Fishing Shirt;Magellan Outdoors;17.99;The Magellan Outdoors Men's Laguna Madre Solid Short Sleeve Fishing Shirt has 2 hook-and-loop pockets and a relaxed fit.;assets.academy.com/mgen/35/10740335.jpg;assets.academy.com/mgen/36/10740336.jpg;assets.academy.com/mgen/71/10804571.jpg;assets.academy.com/mgen/45/10815645.jpg;Clothing --> Men's Clothing --> Men's Shirts;https://www.academy.com/shop/pdp/magellan-outdoors%E2%84%A2-mens-laguna-madre-solid-short-sleeve-fishing-shirt#repChildCatid=3886576;2.0
109334055;SGMGMF1510;109334389;White;Medium;0;Magellan Outdoors Men's Laguna Madre Solid Short Sleeve Fishing Shirt;Magellan Outdoors;17.99;The Magellan Outdoors Men's Laguna Madre Solid Short Sleeve Fishing Shirt has 2 hook-and-loop pockets and a relaxed fit.;assets.academy.com/mgen/35/10740335.jpg;assets.academy.com/mgen/36/10740336.jpg;assets.academy.com/mgen/71/10804571.jpg;assets.academy.com/mgen/45/10815645.jpg;Clothing --> Men's Clothing --> Men's Shirts;https://www.academy.com/shop/pdp/magellan-outdoors%E2%84%A2-mens-laguna-madre-solid-short-sleeve-fishing-shirt#repChildCatid=3886576;2.0
109334055;SGMGMF1510;109334397;White;Large;0;Magellan Outdoors Men's Laguna Madre Solid Short Sleeve Fishing Shirt;Magellan Outdoors;17.99;The Magellan Outdoors Men's Laguna Madre Solid Short Sleeve Fishing Shirt has 2 hook-and-loop pockets and a relaxed fit.;assets.academy.com/mgen/35/10740335.jpg;assets.academy.com/mgen/36/10740336.jpg;assets.academy.com/mgen/71/10804571.jpg;assets.academy.com/mgen/45/10815645.jpg;Clothing --> Men's Clothing --> Men's Shirts;https://www.academy.com/shop/pdp/magellan-outdoors%E2%84%A2-mens-laguna-madre-solid-short-sleeve-fishing-shirt#repChildCatid=3886576;3.0
109334055;SGMGMF1510;109334400;White;X Large;0;Magellan Outdoors Men's Laguna Madre Solid Short Sleeve Fishing Shirt;Magellan Outdoors;17.99;The Magellan Outdoors Men's Laguna Madre Solid Short Sleeve Fishing Shirt has 2 hook-and-loop pockets and a relaxed fit.;assets.academy.com/mgen/35/10740335.jpg;assets.academy.com/mgen/36/10740336.jpg;assets.academy.com/mgen/71/10804571.jpg;assets.academy.com/mgen/45/10815645.jpg;Clothing --> Men's Clothing --> Men's Shirts;https://www.academy.com/shop/pdp/magellan-outdoors%E2%84%A2-mens-laguna-madre-solid-short-sleeve-fishing-shirt#repChildCatid=3886576;5.0
109334055;SGMGMF1510;109334418;White;X Large Tall;0;Magellan Outdoors Men's Laguna Madre Solid Short Sleeve Fishing Shirt;Magellan Outdoors;17.99;The Magellan Outdoors Men's Laguna Madre Solid Short Sleeve Fishing Shirt has 2 hook-and-loop pockets and a relaxed fit.;assets.academy.com/mgen/35/10740335.jpg;assets.academy.com/mgen/36/10740336.jpg;assets.academy.com/mgen/71/10804571.jpg;assets.academy.com/mgen/45/10815645.jpg;Clothing --> Men's Clothing --> Men's Shirts;https://www.academy.com/shop/pdp/magellan-outdoors%E2%84%A2-mens-laguna-madre-solid-short-sleeve-fishing-shirt#repChildCatid=3886576;0
109334055;SGMGMF1510;109334426;White;XX Large;0;Magellan Outdoors Men's Laguna Madre Solid Short Sleeve Fishing Shirt;Magellan Outdoors;17.99;The Magellan Outdoors Men's Laguna Madre Solid Short Sleeve Fishing Shirt has 2 hook-and-loop pockets and a relaxed fit.;assets.academy.com/mgen/35/10740335.jpg;assets.academy.com/mgen/36/10740336.jpg;assets.academy.com/mgen/71/10804571.jpg;assets.academy.com/mgen/45/10815645.jpg;Clothing --> Men's Clothing --> Men's Shirts;https://www.academy.com/shop/pdp/magellan-outdoors%E2%84%A2-mens-laguna-madre-solid-short-sleeve-fishing-shirt#repChildCatid=3886576;3.0
109334055;SGMGMF1510;109334434;White;XX Large Tall;0;Magellan Outdoors Men's Laguna Madre Solid Short Sleeve Fishing Shirt;Magellan Outdoors;17.99;The Magellan Outdoors Men's Laguna Madre Solid Short Sleeve Fishing Shirt has 2 hook-and-loop pockets and a relaxed fit.;assets.academy.com/mgen/35/10740335.jpg;assets.academy.com/mgen/36/10740336.jpg;assets.academy.com/mgen/71/10804571.jpg;assets.academy.com/mgen/45/10815645.jpg;Clothing --> Men's Clothing --> Men's Shirts;https://www.academy.com/shop/pdp/magellan-outdoors%E2%84%A2-mens-laguna-madre-solid-short-sleeve-fishing-shirt#repChildCatid=3886576;1.0
109334055;SGMGMF1510;109334442;White;XXX Large;0;Magellan Outdoors Men's Laguna Madre Solid Short Sleeve Fishing Shirt;Magellan Outdoors;17.99;The Magellan Outdoors Men's Laguna Madre Solid Short Sleeve Fishing Shirt has 2 hook-and-loop pockets and a relaxed fit.;assets.academy.com/mgen/35/10740335.jpg;assets.academy.com/mgen/36/10740336.jpg;assets.academy.com/mgen/71/10804571.jpg;assets.academy.com/mgen/45/10815645.jpg;Clothing --> Men's Clothing --> Men's Shirts;https://www.academy.com/shop/pdp/magellan-outdoors%E2%84%A2-mens-laguna-madre-solid-short-sleeve-fishing-shirt#repChildCatid=3886576;4.0
109334055;SGMGMF1510;109334451;White;XXXX Large;0;Magellan Outdoors Men's Laguna Madre Solid Short Sleeve Fishing Shirt;Magellan Outdoors;17.99;The Magellan Outdoors Men's Laguna Madre Solid Short Sleeve Fishing Shirt has 2 hook-and-loop pockets and a relaxed fit.;assets.academy.com/mgen/35/10740335.jpg;assets.academy.com/mgen/36/10740336.jpg;assets.academy.com/mgen/71/10804571.jpg;assets.academy.com/mgen/45/10815645.jpg;Clothing --> Men's Clothing --> Men's Shirts;https://www.academy.com/shop/pdp/magellan-outdoors%E2%84%A2-mens-laguna-madre-solid-short-sleeve-fishing-shirt#repChildCatid=3886576;1.0
109334055;SGMGMF1510;109334063;Brown Light 04;X Small;0;Magellan Outdoors Men's Laguna Madre Solid Short Sleeve Fishing Shirt;Magellan Outdoors;17.99;The Magellan Outdoors Men's Laguna Madre Solid Short Sleeve Fishing Shirt has 2 hook-and-loop pockets and a relaxed fit.;assets.academy.com/mgen/39/10739939.jpg;assets.academy.com/mgen/38/10739938.jpg;assets.academy.com/mgen/86/10809486.jpg;assets.academy.com/mgen/24/10818524.jpg;Clothing --> Men's Clothing --> Men's Shirts;https://www.academy.com/shop/pdp/magellan-outdoors%E2%84%A2-mens-laguna-madre-solid-short-sleeve-fishing-shirt#repChildCatid=3886576;3.0
109334055;SGMGMF1510;109334071;Brown Light 04;Small;0;Magellan Outdoors Men's Laguna Madre Solid Short Sleeve Fishing Shirt;Magellan Outdoors;17.99;The Magellan Outdoors Men's Laguna Madre Solid Short Sleeve Fishing Shirt has 2 hook-and-loop pockets and a relaxed fit.;assets.academy.com/mgen/39/10739939.jpg;assets.academy.com/mgen/38/10739938.jpg;assets.academy.com/mgen/86/10809486.jpg;assets.academy.com/mgen/24/10818524.jpg;Clothing --> Men's Clothing --> Men's Shirts;https://www.academy.com/shop/pdp/magellan-outdoors%E2%84%A2-mens-laguna-madre-solid-short-sleeve-fishing-shirt#repChildCatid=3886576;4.0
109334055;SGMGMF1510;109334080;Brown Light 04;Medium;0;Magellan Outdoors Men's Laguna Madre Solid Short Sleeve Fishing Shirt;Magellan Outdoors;17.99;The Magellan Outdoors Men's Laguna Madre Solid Short Sleeve Fishing Shirt has 2 hook-and-loop pockets and a relaxed fit.;assets.academy.com/mgen/39/10739939.jpg;assets.academy.com/mgen/38/10739938.jpg;assets.academy.com/mgen/86/10809486.jpg;assets.academy.com/mgen/24/10818524.jpg;Clothing --> Men's Clothing --> Men's Shirts;https://www.academy.com/shop/pdp/magellan-outdoors%E2%84%A2-mens-laguna-madre-solid-short-sleeve-fishing-shirt#repChildCatid=3886576;2.0
109334055;SGMGMF1510;109334098;Brown Light 04;Large;0;Magellan Outdoors Men's Laguna Madre Solid Short Sleeve Fishing Shirt;Magellan Outdoors;17.99;The Magellan Outdoors Men's Laguna Madre Solid Short Sleeve Fishing Shirt has 2 hook-and-loop pockets and a relaxed fit.;assets.academy.com/mgen/39/10739939.jpg;assets.academy.com/mgen/38/10739938.jpg;assets.academy.com/mgen/86/10809486.jpg;assets.academy.com/mgen/24/10818524.jpg;Clothing --> Men's Clothing --> Men's Shirts;https://www.academy.com/shop/pdp/magellan-outdoors%E2%84%A2-mens-laguna-madre-solid-short-sleeve-fishing-shirt#repChildCatid=3886576;3.0
109334055;SGMGMF1510;109334101;Brown Light 04;X Large;0;Magellan Outdoors Men's Laguna Madre Solid Short Sleeve Fishing Shirt;Magellan Outdoors;17.99;The Magellan Outdoors Men's Laguna Madre Solid Short Sleeve Fishing Shirt has 2 hook-and-loop pockets and a relaxed fit.;assets.academy.com/mgen/39/10739939.jpg;assets.academy.com/mgen/38/10739938.jpg;assets.academy.com/mgen/86/10809486.jpg;assets.academy.com/mgen/24/10818524.jpg;Clothing --> Men's Clothing --> Men's Shirts;https://www.academy.com/shop/pdp/magellan-outdoors%E2%84%A2-mens-laguna-madre-solid-short-sleeve-fishing-shirt#repChildCatid=3886576;4.0
109334055;SGMGMF1510;109334119;Brown Light 04;X Large Tall;0;Magellan Outdoors Men's Laguna Madre Solid Short Sleeve Fishing Shirt;Magellan Outdoors;17.99;The Magellan Outdoors Men's Laguna Madre Solid Short Sleeve Fishing Shirt has 2 hook-and-loop pockets and a relaxed fit.;assets.academy.com/mgen/39/10739939.jpg;assets.academy.com/mgen/38/10739938.jpg;assets.academy.com/mgen/86/10809486.jpg;assets.academy.com/mgen/24/10818524.jpg;Clothing --> Men's Clothing --> Men's Shirts;https://www.academy.com/shop/pdp/magellan-outdoors%E2%84%A2-mens-laguna-madre-solid-short-sleeve-fishing-shirt#repChildCatid=3886576;4.0
109334055;SGMGMF1510;109334127;Brown Light 04;XX Large;0;Magellan Outdoors Men's Laguna Madre Solid Short Sleeve Fishing Shirt;Magellan Outdoors;17.99;The Magellan Outdoors Men's Laguna Madre Solid Short Sleeve Fishing Shirt has 2 hook-and-loop pockets and a relaxed fit.;assets.academy.com/mgen/39/10739939.jpg;assets.academy.com/mgen/38/10739938.jpg;assets.academy.com/mgen/86/10809486.jpg;assets.academy.com/mgen/24/10818524.jpg;Clothing --> Men's Clothing --> Men's Shirts;https://www.academy.com/shop/pdp/magellan-outdoors%E2%84%A2-mens-laguna-madre-solid-short-sleeve-fishing-shirt#repChildCatid=3886576;2.0
109334055;SGMGMF1510;109334135;Brown Light 04;XX Large Tall;0;Magellan Outdoors Men's Laguna Madre Solid Short Sleeve Fishing Shirt;Magellan Outdoors;17.99;The Magellan Outdoors Men's Laguna Madre Solid Short Sleeve Fishing Shirt has 2 hook-and-loop pockets and a relaxed fit.;assets.academy.com/mgen/39/10739939.jpg;assets.academy.com/mgen/38/10739938.jpg;assets.academy.com/mgen/86/10809486.jpg;assets.academy.com/mgen/24/10818524.jpg;Clothing --> Men's Clothing --> Men's Shirts;https://www.academy.com/shop/pdp/magellan-outdoors%E2%84%A2-mens-laguna-madre-solid-short-sleeve-fishing-shirt#repChildCatid=3886576;0
109334055;SGMGMF1510;109334143;Brown Light 04;XXX Large;0;Magellan Outdoors Men's Laguna Madre Solid Short Sleeve Fishing Shirt;Magellan Outdoors;17.99;The Magellan Outdoors Men's Laguna Madre Solid Short Sleeve Fishing Shirt has 2 hook-and-loop pockets and a relaxed fit.;assets.academy.com/mgen/39/10739939.jpg;assets.academy.com/mgen/38/10739938.jpg;assets.academy.com/mgen/86/10809486.jpg;assets.academy.com/mgen/24/10818524.jpg;Clothing --> Men's Clothing --> Men's Shirts;https://www.academy.com/shop/pdp/magellan-outdoors%E2%84%A2-mens-laguna-madre-solid-short-sleeve-fishing-shirt#repChildCatid=3886576;2.0
109334055;SGMGMF1510;109334151;Brown Light 04;XXXX Large;0;Magellan Outdoors Men's Laguna Madre Solid Short Sleeve Fishing Shirt;Magellan Outdoors;17.99;The Magellan Outdoors Men's Laguna Madre Solid Short Sleeve Fishing Shirt has 2 hook-and-loop pockets and a relaxed fit.;assets.academy.com/mgen/39/10739939.jpg;assets.academy.com/mgen/38/10739938.jpg;assets.academy.com/mgen/86/10809486.jpg;assets.academy.com/mgen/24/10818524.jpg;Clothing --> Men's Clothing --> Men's Shirts;https://www.academy.com/shop/pdp/magellan-outdoors%E2%84%A2-mens-laguna-madre-solid-short-sleeve-fishing-shirt#repChildCatid=3886576;2.0
109334055;SGMGMF1510;109334160;Green Dark 02;X Small;0;Magellan Outdoors Men's Laguna Madre Solid Short Sleeve Fishing Shirt;Magellan Outdoors;17.99;The Magellan Outdoors Men's Laguna Madre Solid Short Sleeve Fishing Shirt has 2 hook-and-loop pockets and a relaxed fit.;assets.academy.com/mgen/41/10739941.jpg;assets.academy.com/mgen/42/10739942.jpg;assets.academy.com/mgen/70/10804570.jpg;assets.academy.com/mgen/44/10815644.jpg;Clothing --> Men's Clothing --> Men's Shirts;https://www.academy.com/shop/pdp/magellan-outdoors%E2%84%A2-mens-laguna-madre-solid-short-sleeve-fishing-shirt#repChildCatid=3886576;3.0
109334055;SGMGMF1510;109334178;Green Dark 02;Small;0;Magellan Outdoors Men's Laguna Madre Solid Short Sleeve Fishing Shirt;Magellan Outdoors;17.99;The Magellan Outdoors Men's Laguna Madre Solid Short Sleeve Fishing Shirt has 2 hook-and-loop pockets and a relaxed fit.;assets.academy.com/mgen/41/10739941.jpg;assets.academy.com/mgen/42/10739942.jpg;assets.academy.com/mgen/70/10804570.jpg;assets.academy.com/mgen/44/10815644.jpg;Clothing --> Men's Clothing --> Men's Shirts;https://www.academy.com/shop/pdp/magellan-outdoors%E2%84%A2-mens-laguna-madre-solid-short-sleeve-fishing-shirt#repChildCatid=3886576;1.0
109334055;SGMGMF1510;109334266;Blue Medium 04;X Small;0;Magellan Outdoors Men's Laguna Madre Solid Short Sleeve Fishing Shirt;Magellan Outdoors;17.99;The Magellan Outdoors Men's Laguna Madre Solid Short Sleeve Fishing Shirt has 2 hook-and-loop pockets and a relaxed fit.;assets.academy.com/mgen/50/10740350.jpg;assets.academy.com/mgen/51/10740351.jpg;assets.academy.com/mgen/54/10779854.jpg;assets.academy.com/mgen/95/10787095.jpg;Clothing --> Men's Clothing --> Men's Shirts;https://www.academy.com/shop/pdp/magellan-outdoors%E2%84%A2-mens-laguna-madre-solid-short-sleeve-fishing-shirt#repChildCatid=3886576;3.0
109334055;SGMGMF1510;109334274;Blue Medium 04;Small;0;Magellan Outdoors Men's Laguna Madre Solid Short Sleeve Fishing Shirt;Magellan Outdoors;17.99;The Magellan Outdoors Men's Laguna Madre Solid Short Sleeve Fishing Shirt has 2 hook-and-loop pockets and a relaxed fit.;assets.academy.com/mgen/50/10740350.jpg;assets.academy.com/mgen/51/10740351.jpg;assets.academy.com/mgen/54/10779854.jpg;assets.academy.com/mgen/95/10787095.jpg;Clothing --> Men's Clothing --> Men's Shirts;https://www.academy.com/shop/pdp/magellan-outdoors%E2%84%A2-mens-laguna-madre-solid-short-sleeve-fishing-shirt#repChildCatid=3886576;4.0
109334055;SGMGMF1510;109334282;Blue Medium 04;Medium;0;Magellan Outdoors Men's Laguna Madre Solid Short Sleeve Fishing Shirt;Magellan Outdoors;17.99;The Magellan Outdoors Men's Laguna Madre Solid Short Sleeve Fishing Shirt has 2 hook-and-loop pockets and a relaxed fit.;assets.academy.com/mgen/50/10740350.jpg;assets.academy.com/mgen/51/10740351.jpg;assets.academy.com/mgen/54/10779854.jpg;assets.academy.com/mgen/95/10787095.jpg;Clothing --> Men's Clothing --> Men's Shirts;https://www.academy.com/shop/pdp/magellan-outdoors%E2%84%A2-mens-laguna-madre-solid-short-sleeve-fishing-shirt#repChildCatid=3886576;3.0
109334055;SGMGMF1510;109334291;Blue Medium 04;Large;0;Magellan Outdoors Men's Laguna Madre Solid Short Sleeve Fishing Shirt;Magellan Outdoors;17.99;The Magellan Outdoors Men's Laguna Madre Solid Short Sleeve Fishing Shirt has 2 hook-and-loop pockets and a relaxed fit.;assets.academy.com/mgen/50/10740350.jpg;assets.academy.com/mgen/51/10740351.jpg;assets.academy.com/mgen/54/10779854.jpg;assets.academy.com/mgen/95/10787095.jpg;Clothing --> Men's Clothing --> Men's Shirts;https://www.academy.com/shop/pdp/magellan-outdoors%E2%84%A2-mens-laguna-madre-solid-short-sleeve-fishing-shirt#repChildCatid=3886576;4.0
109334055;SGMGMF1510;111072904;Black;X Small;0;Magellan Outdoors Men's Laguna Madre Solid Short Sleeve Fishing Shirt;Magellan Outdoors;17.99;The Magellan Outdoors Men's Laguna Madre Solid Short Sleeve Fishing Shirt has 2 hook-and-loop pockets and a relaxed fit.;assets.academy.com/mgen/41/20003441.jpg;assets.academy.com/mgen/09/20003409.jpg;assets.academy.com/mgen/10/20003410.jpg;assets.academy.com/mgen/52/20003852.jpg;Clothing --> Men's Clothing --> Men's Shirts;https://www.academy.com/shop/pdp/magellan-outdoors%E2%84%A2-mens-laguna-madre-solid-short-sleeve-fishing-shirt#repChildCatid=3886576;2.0
109334055;SGMGMF1510;111072912;Black;Small;0;Magellan Outdoors Men's Laguna Madre Solid Short Sleeve Fishing Shirt;Magellan Outdoors;17.99;The Magellan Outdoors Men's Laguna Madre Solid Short Sleeve Fishing Shirt has 2 hook-and-loop pockets and a relaxed fit.;assets.academy.com/mgen/41/20003441.jpg;assets.academy.com/mgen/09/20003409.jpg;assets.academy.com/mgen/10/20003410.jpg;assets.academy.com/mgen/52/20003852.jpg;Clothing --> Men's Clothing --> Men's Shirts;https://www.academy.com/shop/pdp/magellan-outdoors%E2%84%A2-mens-laguna-madre-solid-short-sleeve-fishing-shirt#repChildCatid=3886576;1.0
109334055;SGMGMF1510;111072947;Black;Medium;0;Magellan Outdoors Men's Laguna Madre Solid Short Sleeve Fishing Shirt;Magellan Outdoors;17.99;The Magellan Outdoors Men's Laguna Madre Solid Short Sleeve Fishing Shirt has 2 hook-and-loop pockets and a relaxed fit.;assets.academy.com/mgen/41/20003441.jpg;assets.academy.com/mgen/09/20003409.jpg;assets.academy.com/mgen/10/20003410.jpg;assets.academy.com/mgen/52/20003852.jpg;Clothing --> Men's Clothing --> Men's Shirts;https://www.academy.com/shop/pdp/magellan-outdoors%E2%84%A2-mens-laguna-madre-solid-short-sleeve-fishing-shirt#repChildCatid=3886576;2.0
109334055;SGMGMF1510;111072955;Black;Large;0;Magellan Outdoors Men's Laguna Madre Solid Short Sleeve Fishing Shirt;Magellan Outdoors;17.99;The Magellan Outdoors Men's Laguna Madre Solid Short Sleeve Fishing Shirt has 2 hook-and-loop pockets and a relaxed fit.;assets.academy.com/mgen/41/20003441.jpg;assets.academy.com/mgen/09/20003409.jpg;assets.academy.com/mgen/10/20003410.jpg;assets.academy.com/mgen/52/20003852.jpg;Clothing --> Men's Clothing --> Men's Shirts;https://www.academy.com/shop/pdp/magellan-outdoors%E2%84%A2-mens-laguna-madre-solid-short-sleeve-fishing-shirt#repChildCatid=3886576;3.0
109334055;SGMGMF1510;111072971;Black;X Large;0;Magellan Outdoors Men's Laguna Madre Solid Short Sleeve Fishing Shirt;Magellan Outdoors;17.99;The Magellan Outdoors Men's Laguna Madre Solid Short Sleeve Fishing Shirt has 2 hook-and-loop pockets and a relaxed fit.;assets.academy.com/mgen/41/20003441.jpg;assets.academy.com/mgen/09/20003409.jpg;assets.academy.com/mgen/10/20003410.jpg;assets.academy.com/mgen/52/20003852.jpg;Clothing --> Men's Clothing --> Men's Shirts;https://www.academy.com/shop/pdp/magellan-outdoors%E2%84%A2-mens-laguna-madre-solid-short-sleeve-fishing-shirt#repChildCatid=3886576;2.0
109334055;SGMGMF1510;111072998;Black;X Large Tall;0;Magellan Outdoors Men's Laguna Madre Solid Short Sleeve Fishing Shirt;Magellan Outdoors;17.99;The Magellan Outdoors Men's Laguna Madre Solid Short Sleeve Fishing Shirt has 2 hook-and-loop pockets and a relaxed fit.;assets.academy.com/mgen/41/20003441.jpg;assets.academy.com/mgen/09/20003409.jpg;assets.academy.com/mgen/10/20003410.jpg;assets.academy.com/mgen/52/20003852.jpg;Clothing --> Men's Clothing --> Men's Shirts;https://www.academy.com/shop/pdp/magellan-outdoors%E2%84%A2-mens-laguna-madre-solid-short-sleeve-fishing-shirt#repChildCatid=3886576;1.0
109334055;SGMGMF1510;111073018;Black;XX Large;0;Magellan Outdoors Men's Laguna Madre Solid Short Sleeve Fishing Shirt;Magellan Outdoors;17.99;The Magellan Outdoors Men's Laguna Madre Solid Short Sleeve Fishing Shirt has 2 hook-and-loop pockets and a relaxed fit.;assets.academy.com/mgen/41/20003441.jpg;assets.academy.com/mgen/09/20003409.jpg;assets.academy.com/mgen/10/20003410.jpg;assets.academy.com/mgen/52/20003852.jpg;Clothing --> Men's Clothing --> Men's Shirts;https://www.academy.com/shop/pdp/magellan-outdoors%E2%84%A2-mens-laguna-madre-solid-short-sleeve-fishing-shirt#repChildCatid=3886576;1.0
109334055;SGMGMF1510;111073034;Black;XX Large Tall;0;Magellan Outdoors Men's Laguna Madre Solid Short Sleeve Fishing Shirt;Magellan Outdoors;17.99;The Magellan Outdoors Men's Laguna Madre Solid Short Sleeve Fishing Shirt has 2 hook-and-loop pockets and a relaxed fit.;assets.academy.com/mgen/41/20003441.jpg;assets.academy.com/mgen/09/20003409.jpg;assets.academy.com/mgen/10/20003410.jpg;assets.academy.com/mgen/52/20003852.jpg;Clothing --> Men's Clothing --> Men's Shirts;https://www.academy.com/shop/pdp/magellan-outdoors%E2%84%A2-mens-laguna-madre-solid-short-sleeve-fishing-shirt#repChildCatid=3886576;1.0
109334055;SGMGMF1510;111073051;Black;XXX Large;0;Magellan Outdoors Men's Laguna Madre Solid Short Sleeve Fishing Shirt;Magellan Outdoors;17.99;The Magellan Outdoors Men's Laguna Madre Solid Short Sleeve Fishing Shirt has 2 hook-and-loop pockets and a relaxed fit.;assets.academy.com/mgen/41/20003441.jpg;assets.academy.com/mgen/09/20003409.jpg;assets.academy.com/mgen/10/20003410.jpg;assets.academy.com/mgen/52/20003852.jpg;Clothing --> Men's Clothing --> Men's Shirts;https://www.academy.com/shop/pdp/magellan-outdoors%E2%84%A2-mens-laguna-madre-solid-short-sleeve-fishing-shirt#repChildCatid=3886576;1.0
109334055;SGMGMF1510;111073085;Black;XXXX Large;0;Magellan Outdoors Men's Laguna Madre Solid Short Sleeve Fishing Shirt;Magellan Outdoors;17.99;The Magellan Outdoors Men's Laguna Madre Solid Short Sleeve Fishing Shirt has 2 hook-and-loop pockets and a relaxed fit.;assets.academy.com/mgen/41/20003441.jpg;assets.academy.com/mgen/09/20003409.jpg;assets.academy.com/mgen/10/20003410.jpg;assets.academy.com/mgen/52/20003852.jpg;Clothing --> Men's Clothing --> Men's Shirts;https://www.academy.com/shop/pdp/magellan-outdoors%E2%84%A2-mens-laguna-madre-solid-short-sleeve-fishing-shirt#repChildCatid=3886576;1.0
109334055;SGMGMF1510;111426186;Green Dark 04;XXXX Large;0;Magellan Outdoors Men's Laguna Madre Solid Short Sleeve Fishing Shirt;Magellan Outdoors;17.99;The Magellan Outdoors Men's Laguna Madre Solid Short Sleeve Fishing Shirt has 2 hook-and-loop pockets and a relaxed fit.;assets.academy.com/mgen/56/20004256.jpg;assets.academy.com/mgen/57/20004257.jpg;assets.academy.com/mgen/58/20004258.jpg;assets.academy.com/mgen/66/20030566.jpg;Clothing --> Men's Clothing --> Men's Shirts;https://www.academy.com/shop/pdp/magellan-outdoors%E2%84%A2-mens-laguna-madre-solid-short-sleeve-fishing-shirt#repChildCatid=3886576;1.0
109334055;SGMGMF1510;111426004;Green Dark 04;X Small;0;Magellan Outdoors Men's Laguna Madre Solid Short Sleeve Fishing Shirt;Magellan Outdoors;17.99;The Magellan Outdoors Men's Laguna Madre Solid Short Sleeve Fishing Shirt has 2 hook-and-loop pockets and a relaxed fit.;assets.academy.com/mgen/56/20004256.jpg;assets.academy.com/mgen/57/20004257.jpg;assets.academy.com/mgen/58/20004258.jpg;assets.academy.com/mgen/66/20030566.jpg;Clothing --> Men's Clothing --> Men's Shirts;https://www.academy.com/shop/pdp/magellan-outdoors%E2%84%A2-mens-laguna-madre-solid-short-sleeve-fishing-shirt#repChildCatid=3886576;2.0
109334055;SGMGMF1510;111426039;Green Dark 04;Small;0;Magellan Outdoors Men's Laguna Madre Solid Short Sleeve Fishing Shirt;Magellan Outdoors;17.99;The Magellan Outdoors Men's Laguna Madre Solid Short Sleeve Fishing Shirt has 2 hook-and-loop pockets and a relaxed fit.;assets.academy.com/mgen/56/20004256.jpg;assets.academy.com/mgen/57/20004257.jpg;assets.academy.com/mgen/58/20004258.jpg;assets.academy.com/mgen/66/20030566.jpg;Clothing --> Men's Clothing --> Men's Shirts;https://www.academy.com/shop/pdp/magellan-outdoors%E2%84%A2-mens-laguna-madre-solid-short-sleeve-fishing-shirt#repChildCatid=3886576;2.0
109334055;SGMGMF1510;111426055;Green Dark 04;Medium;0;Magellan Outdoors Men's Laguna Madre Solid Short Sleeve Fishing Shirt;Magellan Outdoors;17.99;The Magellan Outdoors Men's Laguna Madre Solid Short Sleeve Fishing Shirt has 2 hook-and-loop pockets and a relaxed fit.;assets.academy.com/mgen/56/20004256.jpg;assets.academy.com/mgen/57/20004257.jpg;assets.academy.com/mgen/58/20004258.jpg;assets.academy.com/mgen/66/20030566.jpg;Clothing --> Men's Clothing --> Men's Shirts;https://www.academy.com/shop/pdp/magellan-outdoors%E2%84%A2-mens-laguna-madre-solid-short-sleeve-fishing-shirt#repChildCatid=3886576;2.0
109334055;SGMGMF1510;111426071;Green Dark 04;Large;0;Magellan Outdoors Men's Laguna Madre Solid Short Sleeve Fishing Shirt;Magellan Outdoors;17.99;The Magellan Outdoors Men's Laguna Madre Solid Short Sleeve Fishing Shirt has 2 hook-and-loop pockets and a relaxed fit.;assets.academy.com/mgen/56/20004256.jpg;assets.academy.com/mgen/57/20004257.jpg;assets.academy.com/mgen/58/20004258.jpg;assets.academy.com/mgen/66/20030566.jpg;Clothing --> Men's Clothing --> Men's Shirts;https://www.academy.com/shop/pdp/magellan-outdoors%E2%84%A2-mens-laguna-madre-solid-short-sleeve-fishing-shirt#repChildCatid=3886576;2.0
109334055;SGMGMF1510;111426098;Green Dark 04;X Large;0;Magellan Outdoors Men's Laguna Madre Solid Short Sleeve Fishing Shirt;Magellan Outdoors;17.99;The Magellan Outdoors Men's Laguna Madre Solid Short Sleeve Fishing Shirt has 2 hook-and-loop pockets and a relaxed fit.;assets.academy.com/mgen/56/20004256.jpg;assets.academy.com/mgen/57/20004257.jpg;assets.academy.com/mgen/58/20004258.jpg;assets.academy.com/mgen/66/20030566.jpg;Clothing --> Men's Clothing --> Men's Shirts;https://www.academy.com/shop/pdp/magellan-outdoors%E2%84%A2-mens-laguna-madre-solid-short-sleeve-fishing-shirt#repChildCatid=3886576;4.0
109334055;SGMGMF1510;111426101;Green Dark 04;X Large Tall;0;Magellan Outdoors Men's Laguna Madre Solid Short Sleeve Fishing Shirt;Magellan Outdoors;17.99;The Magellan Outdoors Men's Laguna Madre Solid Short Sleeve Fishing Shirt has 2 hook-and-loop pockets and a relaxed fit.;assets.academy.com/mgen/56/20004256.jpg;assets.academy.com/mgen/57/20004257.jpg;assets.academy.com/mgen/58/20004258.jpg;assets.academy.com/mgen/66/20030566.jpg;Clothing --> Men's Clothing --> Men's Shirts;https://www.academy.com/shop/pdp/magellan-outdoors%E2%84%A2-mens-laguna-madre-solid-short-sleeve-fishing-shirt#repChildCatid=3886576;1.0
109334055;SGMGMF1510;111426135;Green Dark 04;XX Large;0;Magellan Outdoors Men's Laguna Madre Solid Short Sleeve Fishing Shirt;Magellan Outdoors;17.99;The Magellan Outdoors Men's Laguna Madre Solid Short Sleeve Fishing Shirt has 2 hook-and-loop pockets and a relaxed fit.;assets.academy.com/mgen/56/20004256.jpg;assets.academy.com/mgen/57/20004257.jpg;assets.academy.com/mgen/58/20004258.jpg;assets.academy.com/mgen/66/20030566.jpg;Clothing --> Men's Clothing --> Men's Shirts;https://www.academy.com/shop/pdp/magellan-outdoors%E2%84%A2-mens-laguna-madre-solid-short-sleeve-fishing-shirt#repChildCatid=3886576;2.0
109334055;SGMGMF1510;111426151;Green Dark 04;XX Large Tall;0;Magellan Outdoors Men's Laguna Madre Solid Short Sleeve Fishing Shirt;Magellan Outdoors;17.99;The Magellan Outdoors Men's Laguna Madre Solid Short Sleeve Fishing Shirt has 2 hook-and-loop pockets and a relaxed fit.;assets.academy.com/mgen/56/20004256.jpg;assets.academy.com/mgen/57/20004257.jpg;assets.academy.com/mgen/58/20004258.jpg;assets.academy.com/mgen/66/20030566.jpg;Clothing --> Men's Clothing --> Men's Shirts;https://www.academy.com/shop/pdp/magellan-outdoors%E2%84%A2-mens-laguna-madre-solid-short-sleeve-fishing-shirt#repChildCatid=3886576;0
109334055;SGMGMF1510;111426178;Green Dark 04;XXX Large;0;Magellan Outdoors Men's Laguna Madre Solid Short Sleeve Fishing Shirt;Magellan Outdoors;17.99;The Magellan Outdoors Men's Laguna Madre Solid Short Sleeve Fishing Shirt has 2 hook-and-loop pockets and a relaxed fit.;assets.academy.com/mgen/56/20004256.jpg;assets.academy.com/mgen/57/20004257.jpg;assets.academy.com/mgen/58/20004258.jpg;assets.academy.com/mgen/66/20030566.jpg;Clothing --> Men's Clothing --> Men's Shirts;https://www.academy.com/shop/pdp/magellan-outdoors%E2%84%A2-mens-laguna-madre-solid-short-sleeve-fishing-shirt#repChildCatid=3886576;2.0
109383201;SGMGMF1610;109699169;Navy;X Small;0;Magellan Outdoors Men's Laguna Madre Solid Short Sleeve Fishing Shirt;Magellan Outdoors;17.99;The Magellan Outdoors Men's Laguna Madre Solid Short Sleeve Fishing Shirt is made of nylon and features 2 hook-and-loop pockets.;assets.academy.com/mgen/78/10758778.jpg;assets.academy.com/mgen/80/10758780.jpg;assets.academy.com/mgen/68/20066068.jpg;;Brands --> Magellan Outdoors --> Boys' Shoes & Boots by Magellan;https://www.academy.com/shop/pdp/magellan-outdoors-mens-laguna-madre-solid-short-sleeve-fishing-shirt-109383201#repChildCatid=4163615;2.0
109383201;SGMGMF1610;109699177;Navy;Small;0;Magellan Outdoors Men's Laguna Madre Solid Short Sleeve Fishing Shirt;Magellan Outdoors;17.99;The Magellan Outdoors Men's Laguna Madre Solid Short Sleeve Fishing Shirt is made of nylon and features 2 hook-and-loop pockets.;assets.academy.com/mgen/78/10758778.jpg;assets.academy.com/mgen/80/10758780.jpg;assets.academy.com/mgen/68/20066068.jpg;;Brands --> Magellan Outdoors --> Boys' Shoes & Boots by Magellan;https://www.academy.com/shop/pdp/magellan-outdoors-mens-laguna-madre-solid-short-sleeve-fishing-shirt-109383201#repChildCatid=4163615;1.0
109383201;SGMGMF1610;109699185;Navy;Medium;0;Magellan Outdoors Men's Laguna Madre Solid Short Sleeve Fishing Shirt;Magellan Outdoors;17.99;The Magellan Outdoors Men's Laguna Madre Solid Short Sleeve Fishing Shirt is made of nylon and features 2 hook-and-loop pockets.;assets.academy.com/mgen/78/10758778.jpg;assets.academy.com/mgen/80/10758780.jpg;assets.academy.com/mgen/68/20066068.jpg;;Brands --> Magellan Outdoors --> Boys' Shoes & Boots by Magellan;https://www.academy.com/shop/pdp/magellan-outdoors-mens-laguna-madre-solid-short-sleeve-fishing-shirt-109383201#repChildCatid=4163615;2.0
109383201;SGMGMF1610;109699193;Navy;Large;0;Magellan Outdoors Men's Laguna Madre Solid Short Sleeve Fishing Shirt;Magellan Outdoors;17.99;The Magellan Outdoors Men's Laguna Madre Solid Short Sleeve Fishing Shirt is made of nylon and features 2 hook-and-loop pockets.;assets.academy.com/mgen/78/10758778.jpg;assets.academy.com/mgen/80/10758780.jpg;assets.academy.com/mgen/68/20066068.jpg;;Brands --> Magellan Outdoors --> Boys' Shoes & Boots by Magellan;https://www.academy.com/shop/pdp/magellan-outdoors-mens-laguna-madre-solid-short-sleeve-fishing-shirt-109383201#repChildCatid=4163615;1.0
109383201;SGMGMF1610;109699206;Navy;X Large;0;Magellan Outdoors Men's Laguna Madre Solid Short Sleeve Fishing Shirt;Magellan Outdoors;17.99;The Magellan Outdoors Men's Laguna Madre Solid Short Sleeve Fishing Shirt is made of nylon and features 2 hook-and-loop pockets.;assets.academy.com/mgen/78/10758778.jpg;assets.academy.com/mgen/80/10758780.jpg;assets.academy.com/mgen/68/20066068.jpg;;Brands --> Magellan Outdoors --> Boys' Shoes & Boots by Magellan;https://www.academy.com/shop/pdp/magellan-outdoors-mens-laguna-madre-solid-short-sleeve-fishing-shirt-109383201#repChildCatid=4163615;1.0
109383201;SGMGMF1610;109699214;Navy;XX Large;0;Magellan Outdoors Men's Laguna Madre Solid Short Sleeve Fishing Shirt;Magellan Outdoors;17.99;The Magellan Outdoors Men's Laguna Madre Solid Short Sleeve Fishing Shirt is made of nylon and features 2 hook-and-loop pockets.;assets.academy.com/mgen/78/10758778.jpg;assets.academy.com/mgen/80/10758780.jpg;assets.academy.com/mgen/68/20066068.jpg;;Brands --> Magellan Outdoors --> Boys' Shoes & Boots by Magellan;https://www.academy.com/shop/pdp/magellan-outdoors-mens-laguna-madre-solid-short-sleeve-fishing-shirt-109383201#repChildCatid=4163615;3.0
109383201;SGMGMF1610;109699222;Navy;XXX Large;0;Magellan Outdoors Men's Laguna Madre Solid Short Sleeve Fishing Shirt;Magellan Outdoors;17.99;The Magellan Outdoors Men's Laguna Madre Solid Short Sleeve Fishing Shirt is made of nylon and features 2 hook-and-loop pockets.;assets.academy.com/mgen/78/10758778.jpg;assets.academy.com/mgen/80/10758780.jpg;assets.academy.com/mgen/68/20066068.jpg;;Brands --> Magellan Outdoors --> Boys' Shoes & Boots by Magellan;https://www.academy.com/shop/pdp/magellan-outdoors-mens-laguna-madre-solid-short-sleeve-fishing-shirt-109383201#repChildCatid=4163615;0
109383201;SGMGMF1610;109699231;Navy;XXXX Large;0;Magellan Outdoors Men's Laguna Madre Solid Short Sleeve Fishing Shirt;Magellan Outdoors;17.99;The Magellan Outdoors Men's Laguna Madre Solid Short Sleeve Fishing Shirt is made of nylon and features 2 hook-and-loop pockets.;assets.academy.com/mgen/78/10758778.jpg;assets.academy.com/mgen/80/10758780.jpg;assets.academy.com/mgen/68/20066068.jpg;;Brands --> Magellan Outdoors --> Boys' Shoes & Boots by Magellan;https://www.academy.com/shop/pdp/magellan-outdoors-mens-laguna-madre-solid-short-sleeve-fishing-shirt-109383201#repChildCatid=4163615;0
109383201;SGMGMF1610;109698844;Red Dark 02;X Small;0;Magellan Outdoors Men's Laguna Madre Solid Short Sleeve Fishing Shirt;Magellan Outdoors;17.99;The Magellan Outdoors Men's Laguna Madre Solid Short Sleeve Fishing Shirt is made of nylon and features 2 hook-and-loop pockets.;assets.academy.com/mgen/36/10808136.jpg;assets.academy.com/mgen/37/10808137.jpg;assets.academy.com/mgen/38/10808138.jpg;assets.academy.com/mgen/64/20066064.jpg;Brands --> Magellan Outdoors --> Boys' Shoes & Boots by Magellan;https://www.academy.com/shop/pdp/magellan-outdoors-mens-laguna-madre-solid-short-sleeve-fishing-shirt-109383201#repChildCatid=4163615;0
109383201;SGMGMF1610;109698852;Red Dark 02;Small;0;Magellan Outdoors Men's Laguna Madre Solid Short Sleeve Fishing Shirt;Magellan Outdoors;17.99;The Magellan Outdoors Men's Laguna Madre Solid Short Sleeve Fishing Shirt is made of nylon and features 2 hook-and-loop pockets.;assets.academy.com/mgen/36/10808136.jpg;assets.academy.com/mgen/37/10808137.jpg;assets.academy.com/mgen/38/10808138.jpg;assets.academy.com/mgen/64/20066064.jpg;Brands --> Magellan Outdoors --> Boys' Shoes & Boots by Magellan;https://www.academy.com/shop/pdp/magellan-outdoors-mens-laguna-madre-solid-short-sleeve-fishing-shirt-109383201#repChildCatid=4163615;1.0
109383201;SGMGMF1610;109698861;Red Dark 02;Medium;0;Magellan Outdoors Men's Laguna Madre Solid Short Sleeve Fishing Shirt;Magellan Outdoors;17.99;The Magellan Outdoors Men's Laguna Madre Solid Short Sleeve Fishing Shirt is made of nylon and features 2 hook-and-loop pockets.;assets.academy.com/mgen/36/10808136.jpg;assets.academy.com/mgen/37/10808137.jpg;assets.academy.com/mgen/38/10808138.jpg;assets.academy.com/mgen/64/20066064.jpg;Brands --> Magellan Outdoors --> Boys' Shoes & Boots by Magellan;https://www.academy.com/shop/pdp/magellan-outdoors-mens-laguna-madre-solid-short-sleeve-fishing-shirt-109383201#repChildCatid=4163615;0
109383201;SGMGMF1610;109698879;Red Dark 02;Large;0;Magellan Outdoors Men's Laguna Madre Solid Short Sleeve Fishing Shirt;Magellan Outdoors;17.99;The Magellan Outdoors Men's Laguna Madre Solid Short Sleeve Fishing Shirt is made of nylon and features 2 hook-and-loop pockets.;assets.academy.com/mgen/36/10808136.jpg;assets.academy.com/mgen/37/10808137.jpg;assets.academy.com/mgen/38/10808138.jpg;assets.academy.com/mgen/64/20066064.jpg;Brands --> Magellan Outdoors --> Boys' Shoes & Boots by Magellan;https://www.academy.com/shop/pdp/magellan-outdoors-mens-laguna-madre-solid-short-sleeve-fishing-shirt-109383201#repChildCatid=4163615;0
109383201;SGMGMF1610;109698887;Red Dark 02;X Large;0;Magellan Outdoors Men's Laguna Madre Solid Short Sleeve Fishing Shirt;Magellan Outdoors;17.99;The Magellan Outdoors Men's Laguna Madre Solid Short Sleeve Fishing Shirt is made of nylon and features 2 hook-and-loop pockets.;assets.academy.com/mgen/36/10808136.jpg;assets.academy.com/mgen/37/10808137.jpg;assets.academy.com/mgen/38/10808138.jpg;assets.academy.com/mgen/64/20066064.jpg;Brands --> Magellan Outdoors --> Boys' Shoes & Boots by Magellan;https://www.academy.com/shop/pdp/magellan-outdoors-mens-laguna-madre-solid-short-sleeve-fishing-shirt-109383201#repChildCatid=4163615;0
109383201;SGMGMF1610;109698895;Red Dark 02;XX Large;0;Magellan Outdoors Men's Laguna Madre Solid Short Sleeve Fishing Shirt;Magellan Outdoors;17.99;The Magellan Outdoors Men's Laguna Madre Solid Short Sleeve Fishing Shirt is made of nylon and features 2 hook-and-loop pockets.;assets.academy.com/mgen/36/10808136.jpg;assets.academy.com/mgen/37/10808137.jpg;assets.academy.com/mgen/38/10808138.jpg;assets.academy.com/mgen/64/20066064.jpg;Brands --> Magellan Outdoors --> Boys' Shoes & Boots by Magellan;https://www.academy.com/shop/pdp/magellan-outdoors-mens-laguna-madre-solid-short-sleeve-fishing-shirt-109383201#repChildCatid=4163615;0
109383201;SGMGMF1610;109698908;Red Dark 02;XXX Large;0;Magellan Outdoors Men's Laguna Madre Solid Short Sleeve Fishing Shirt;Magellan Outdoors;17.99;The Magellan Outdoors Men's Laguna Madre Solid Short Sleeve Fishing Shirt is made of nylon and features 2 hook-and-loop pockets.;assets.academy.com/mgen/36/10808136.jpg;assets.academy.com/mgen/37/10808137.jpg;assets.academy.com/mgen/38/10808138.jpg;assets.academy.com/mgen/64/20066064.jpg;Brands --> Magellan Outdoors --> Boys' Shoes & Boots by Magellan;https://www.academy.com/shop/pdp/magellan-outdoors-mens-laguna-madre-solid-short-sleeve-fishing-shirt-109383201#repChildCatid=4163615;1.0
109383201;SGMGMF1610;109698916;Red Dark 02;XXXX Large;0;Magellan Outdoors Men's Laguna Madre Solid Short Sleeve Fishing Shirt;Magellan Outdoors;17.99;The Magellan Outdoors Men's Laguna Madre Solid Short Sleeve Fishing Shirt is made of nylon and features 2 hook-and-loop pockets.;assets.academy.com/mgen/36/10808136.jpg;assets.academy.com/mgen/37/10808137.jpg;assets.academy.com/mgen/38/10808138.jpg;assets.academy.com/mgen/64/20066064.jpg;Brands --> Magellan Outdoors --> Boys' Shoes & Boots by Magellan;https://www.academy.com/shop/pdp/magellan-outdoors-mens-laguna-madre-solid-short-sleeve-fishing-shirt-109383201#repChildCatid=4163615;1.0
109383201;SGMGMF1610;111083697;Grey;X Small;0;Magellan Outdoors Men's Laguna Madre Solid Short Sleeve Fishing Shirt;Magellan Outdoors;17.99;The Magellan Outdoors Men's Laguna Madre Solid Short Sleeve Fishing Shirt is made of nylon and features 2 hook-and-loop pockets.;assets.academy.com/mgen/68/20004268.jpg;assets.academy.com/mgen/69/20004269.jpg;assets.academy.com/mgen/70/20004270.jpg;;Brands --> Magellan Outdoors --> Boys' Shoes & Boots by Magellan;https://www.academy.com/shop/pdp/magellan-outdoors-mens-laguna-madre-solid-short-sleeve-fishing-shirt-109383201#repChildCatid=4163615;2.0
109383201;SGMGMF1610;111083700;Grey;Small;0;Magellan Outdoors Men's Laguna Madre Solid Short Sleeve Fishing Shirt;Magellan Outdoors;17.99;The Magellan Outdoors Men's Laguna Madre Solid Short Sleeve Fishing Shirt is made of nylon and features 2 hook-and-loop pockets.;assets.academy.com/mgen/68/20004268.jpg;assets.academy.com/mgen/69/20004269.jpg;assets.academy.com/mgen/70/20004270.jpg;;Brands --> Magellan Outdoors --> Boys' Shoes & Boots by Magellan;https://www.academy.com/shop/pdp/magellan-outdoors-mens-laguna-madre-solid-short-sleeve-fishing-shirt-109383201#repChildCatid=4163615;2.0
109383201;SGMGMF1610;111083718;Grey;Medium;0;Magellan Outdoors Men's Laguna Madre Solid Short Sleeve Fishing Shirt;Magellan Outdoors;17.99;The Magellan Outdoors Men's Laguna Madre Solid Short Sleeve Fishing Shirt is made of nylon and features 2 hook-and-loop pockets.;assets.academy.com/mgen/68/20004268.jpg;assets.academy.com/mgen/69/20004269.jpg;assets.academy.com/mgen/70/20004270.jpg;;Brands --> Magellan Outdoors --> Boys' Shoes & Boots by Magellan;https://www.academy.com/shop/pdp/magellan-outdoors-mens-laguna-madre-solid-short-sleeve-fishing-shirt-109383201#repChildCatid=4163615;3.0
109383201;SGMGMF1610;111083726;Grey;Large;0;Magellan Outdoors Men's Laguna Madre Solid Short Sleeve Fishing Shirt;Magellan Outdoors;17.99;The Magellan Outdoors Men's Laguna Madre Solid Short Sleeve Fishing Shirt is made of nylon and features 2 hook-and-loop pockets.;assets.academy.com/mgen/68/20004268.jpg;assets.academy.com/mgen/69/20004269.jpg;assets.academy.com/mgen/70/20004270.jpg;;Brands --> Magellan Outdoors --> Boys' Shoes & Boots by Magellan;https://www.academy.com/shop/pdp/magellan-outdoors-mens-laguna-madre-solid-short-sleeve-fishing-shirt-109383201#repChildCatid=4163615;4.0
109383201;SGMGMF1610;111083734;Grey;X Large;0;Magellan Outdoors Men's Laguna Madre Solid Short Sleeve Fishing Shirt;Magellan Outdoors;17.99;The Magellan Outdoors Men's Laguna Madre Solid Short Sleeve Fishing Shirt is made of nylon and features 2 hook-and-loop pockets.;assets.academy.com/mgen/68/20004268.jpg;assets.academy.com/mgen/69/20004269.jpg;assets.academy.com/mgen/70/20004270.jpg;;Brands --> Magellan Outdoors --> Boys' Shoes & Boots by Magellan;https://www.academy.com/shop/pdp/magellan-outdoors-mens-laguna-madre-solid-short-sleeve-fishing-shirt-109383201#repChildCatid=4163615;2.0
109383201;SGMGMF1610;111083742;Grey;XX Large;0;Magellan Outdoors Men's Laguna Madre Solid Short Sleeve Fishing Shirt;Magellan Outdoors;17.99;The Magellan Outdoors Men's Laguna Madre Solid Short Sleeve Fishing Shirt is made of nylon and features 2 hook-and-loop pockets.;assets.academy.com/mgen/68/20004268.jpg;assets.academy.com/mgen/69/20004269.jpg;assets.academy.com/mgen/70/20004270.jpg;;Brands --> Magellan Outdoors --> Boys' Shoes & Boots by Magellan;https://www.academy.com/shop/pdp/magellan-outdoors-mens-laguna-madre-solid-short-sleeve-fishing-shirt-109383201#repChildCatid=4163615;1.0
109383201;SGMGMF1610;111083751;Grey;XXX Large;0;Magellan Outdoors Men's Laguna Madre Solid Short Sleeve Fishing Shirt;Magellan Outdoors;17.99;The Magellan Outdoors Men's Laguna Madre Solid Short Sleeve Fishing Shirt is made of nylon and features 2 hook-and-loop pockets.;assets.academy.com/mgen/68/20004268.jpg;assets.academy.com/mgen/69/20004269.jpg;assets.academy.com/mgen/70/20004270.jpg;;Brands --> Magellan Outdoors --> Boys' Shoes & Boots by Magellan;https://www.academy.com/shop/pdp/magellan-outdoors-mens-laguna-madre-solid-short-sleeve-fishing-shirt-109383201#repChildCatid=4163615;1.0
109383201;SGMGMF1610;111083769;Grey;XXXX Large;0;Magellan Outdoors Men's Laguna Madre Solid Short Sleeve Fishing Shirt;Magellan Outdoors;17.99;The Magellan Outdoors Men's Laguna Madre Solid Short Sleeve Fishing Shirt is made of nylon and features 2 hook-and-loop pockets.;assets.academy.com/mgen/68/20004268.jpg;assets.academy.com/mgen/69/20004269.jpg;assets.academy.com/mgen/70/20004270.jpg;;Brands --> Magellan Outdoors --> Boys' Shoes & Boots by Magellan;https://www.academy.com/shop/pdp/magellan-outdoors-mens-laguna-madre-solid-short-sleeve-fishing-shirt-109383201#repChildCatid=4163615;0
109383201;SGMGMF1610;111083291;Aqua or Turquoise Dark 01;X Small;0;Magellan Outdoors Men's Laguna Madre Solid Short Sleeve Fishing Shirt;Magellan Outdoors;17.99;The Magellan Outdoors Men's Laguna Madre Solid Short Sleeve Fishing Shirt is made of nylon and features 2 hook-and-loop pockets.;assets.academy.com/mgen/27/20022427.jpg;assets.academy.com/mgen/28/20022428.jpg;assets.academy.com/mgen/29/20022429.jpg;;Brands --> Magellan Outdoors --> Boys' Shoes & Boots by Magellan;https://www.academy.com/shop/pdp/magellan-outdoors-mens-laguna-madre-solid-short-sleeve-fishing-shirt-109383201#repChildCatid=4163615;1.0
109383201;SGMGMF1610;111083304;Aqua or Turquoise Dark 01;Small;0;Magellan Outdoors Men's Laguna Madre Solid Short Sleeve Fishing Shirt;Magellan Outdoors;17.99;The Magellan Outdoors Men's Laguna Madre Solid Short Sleeve Fishing Shirt is made of nylon and features 2 hook-and-loop pockets.;assets.academy.com/mgen/27/20022427.jpg;assets.academy.com/mgen/28/20022428.jpg;assets.academy.com/mgen/29/20022429.jpg;;Brands --> Magellan Outdoors --> Boys' Shoes & Boots by Magellan;https://www.academy.com/shop/pdp/magellan-outdoors-mens-laguna-madre-solid-short-sleeve-fishing-shirt-109383201#repChildCatid=4163615;1.0
109383201;SGMGMF1610;111083312;Aqua or Turquoise Dark 01;Medium;0;Magellan Outdoors Men's Laguna Madre Solid Short Sleeve Fishing Shirt;Magellan Outdoors;17.99;The Magellan Outdoors Men's Laguna Madre Solid Short Sleeve Fishing Shirt is made of nylon and features 2 hook-and-loop pockets.;assets.academy.com/mgen/27/20022427.jpg;assets.academy.com/mgen/28/20022428.jpg;assets.academy.com/mgen/29/20022429.jpg;;Brands --> Magellan Outdoors --> Boys' Shoes & Boots by Magellan;https://www.academy.com/shop/pdp/magellan-outdoors-mens-laguna-madre-solid-short-sleeve-fishing-shirt-109383201#repChildCatid=4163615;2.0
109383201;SGMGMF1610;111083321;Aqua or Turquoise Dark 01;Large;0;Magellan Outdoors Men's Laguna Madre Solid Short Sleeve Fishing Shirt;Magellan Outdoors;17.99;The Magellan Outdoors Men's Laguna Madre Solid Short Sleeve Fishing Shirt is made of nylon and features 2 hook-and-loop pockets.;assets.academy.com/mgen/27/20022427.jpg;assets.academy.com/mgen/28/20022428.jpg;assets.academy.com/mgen/29/20022429.jpg;;Brands --> Magellan Outdoors --> Boys' Shoes & Boots by Magellan;https://www.academy.com/shop/pdp/magellan-outdoors-mens-laguna-madre-solid-short-sleeve-fishing-shirt-109383201#repChildCatid=4163615;1.0
109383201;SGMGMF1610;111083339;Aqua or Turquoise Dark 01;X Large;0;Magellan Outdoors Men's Laguna Madre Solid Short Sleeve Fishing Shirt;Magellan Outdoors;17.99;The Magellan Outdoors Men's Laguna Madre Solid Short Sleeve Fishing Shirt is made of nylon and features 2 hook-and-loop pockets.;assets.academy.com/mgen/27/20022427.jpg;assets.academy.com/mgen/28/20022428.jpg;assets.academy.com/mgen/29/20022429.jpg;;Brands --> Magellan Outdoors --> Boys' Shoes & Boots by Magellan;https://www.academy.com/shop/pdp/magellan-outdoors-mens-laguna-madre-solid-short-sleeve-fishing-shirt-109383201#repChildCatid=4163615;3.0
109383201;SGMGMF1610;111083347;Aqua or Turquoise Dark 01;XX Large;0;Magellan Outdoors Men's Laguna Madre Solid Short Sleeve Fishing Shirt;Magellan Outdoors;17.99;The Magellan Outdoors Men's Laguna Madre Solid Short Sleeve Fishing Shirt is made of nylon and features 2 hook-and-loop pockets.;assets.academy.com/mgen/27/20022427.jpg;assets.academy.com/mgen/28/20022428.jpg;assets.academy.com/mgen/29/20022429.jpg;;Brands --> Magellan Outdoors --> Boys' Shoes & Boots by Magellan;https://www.academy.com/shop/pdp/magellan-outdoors-mens-laguna-madre-solid-short-sleeve-fishing-shirt-109383201#repChildCatid=4163615;2.0
109383201;SGMGMF1610;111083363;Aqua or Turquoise Dark 01;XXXX Large;0;Magellan Outdoors Men's Laguna Madre Solid Short Sleeve Fishing Shirt;Magellan Outdoors;17.99;The Magellan Outdoors Men's Laguna Madre Solid Short Sleeve Fishing Shirt is made of nylon and features 2 hook-and-loop pockets.;assets.academy.com/mgen/27/20022427.jpg;assets.academy.com/mgen/28/20022428.jpg;assets.academy.com/mgen/29/20022429.jpg;;Brands --> Magellan Outdoors --> Boys' Shoes & Boots by Magellan;https://www.academy.com/shop/pdp/magellan-outdoors-mens-laguna-madre-solid-short-sleeve-fishing-shirt-109383201#repChildCatid=4163615;1.0
109383201;SGMGMF1610;111083371;Aqua or Turquoise Dark 01;X Large Tall;0;Magellan Outdoors Men's Laguna Madre Solid Short Sleeve Fishing Shirt;Magellan Outdoors;17.99;The Magellan Outdoors Men's Laguna Madre Solid Short Sleeve Fishing Shirt is made of nylon and features 2 hook-and-loop pockets.;assets.academy.com/mgen/27/20022427.jpg;assets.academy.com/mgen/28/20022428.jpg;assets.academy.com/mgen/29/20022429.jpg;;Brands --> Magellan Outdoors --> Boys' Shoes & Boots by Magellan;https://www.academy.com/shop/pdp/magellan-outdoors-mens-laguna-madre-solid-short-sleeve-fishing-shirt-109383201#repChildCatid=4163615;1.0
109383201;SGMGMF1610;112571781;Green Medium 01;XXXX Large;0;Magellan Outdoors Men's Laguna Madre Solid Short Sleeve Fishing Shirt;Magellan Outdoors;17.99;The Magellan Outdoors Men's Laguna Madre Solid Short Sleeve Fishing Shirt is made of nylon and features 2 hook-and-loop pockets.;assets.academy.com/mgen/94/20058894.jpg;assets.academy.com/mgen/95/20058895.jpg;assets.academy.com/mgen/96/20058896.jpg;;Brands --> Magellan Outdoors --> Boys' Shoes & Boots by Magellan;https://www.academy.com/shop/pdp/magellan-outdoors-mens-laguna-madre-solid-short-sleeve-fishing-shirt-109383201#repChildCatid=4163615;1.0
109383201;SGMGMF1610;112571692;Green Medium 01;X Small;0;Magellan Outdoors Men's Laguna Madre Solid Short Sleeve Fishing Shirt;Magellan Outdoors;17.99;The Magellan Outdoors Men's Laguna Madre Solid Short Sleeve Fishing Shirt is made of nylon and features 2 hook-and-loop pockets.;assets.academy.com/mgen/94/20058894.jpg;assets.academy.com/mgen/95/20058895.jpg;assets.academy.com/mgen/96/20058896.jpg;;Brands --> Magellan Outdoors --> Boys' Shoes & Boots by Magellan;https://www.academy.com/shop/pdp/magellan-outdoors-mens-laguna-madre-solid-short-sleeve-fishing-shirt-109383201#repChildCatid=4163615;1.0
109383201;SGMGMF1610;112571705;Green Medium 01;Small;0;Magellan Outdoors Men's Laguna Madre Solid Short Sleeve Fishing Shirt;Magellan Outdoors;17.99;The Magellan Outdoors Men's Laguna Madre Solid Short Sleeve Fishing Shirt is made of nylon and features 2 hook-and-loop pockets.;assets.academy.com/mgen/94/20058894.jpg;assets.academy.com/mgen/95/20058895.jpg;assets.academy.com/mgen/96/20058896.jpg;;Brands --> Magellan Outdoors --> Boys' Shoes & Boots by Magellan;https://www.academy.com/shop/pdp/magellan-outdoors-mens-laguna-madre-solid-short-sleeve-fishing-shirt-109383201#repChildCatid=4163615;1.0
109383201;SGMGMF1610;112571713;Green Medium 01;Medium;0;Magellan Outdoors Men's Laguna Madre Solid Short Sleeve Fishing Shirt;Magellan Outdoors;17.99;The Magellan Outdoors Men's Laguna Madre Solid Short Sleeve Fishing Shirt is made of nylon and features 2 hook-and-loop pockets.;assets.academy.com/mgen/94/20058894.jpg;assets.academy.com/mgen/95/20058895.jpg;assets.academy.com/mgen/96/20058896.jpg;;Brands --> Magellan Outdoors --> Boys' Shoes & Boots by Magellan;https://www.academy.com/shop/pdp/magellan-outdoors-mens-laguna-madre-solid-short-sleeve-fishing-shirt-109383201#repChildCatid=4163615;2.0
109383201;SGMGMF1610;112571721;Green Medium 01;Large;0;Magellan Outdoors Men's Laguna Madre Solid Short Sleeve Fishing Shirt;Magellan Outdoors;17.99;The Magellan Outdoors Men's Laguna Madre Solid Short Sleeve Fishing Shirt is made of nylon and features 2 hook-and-loop pockets.;assets.academy.com/mgen/94/20058894.jpg;assets.academy.com/mgen/95/20058895.jpg;assets.academy.com/mgen/96/20058896.jpg;;Brands --> Magellan Outdoors --> Boys' Shoes & Boots by Magellan;https://www.academy.com/shop/pdp/magellan-outdoors-mens-laguna-madre-solid-short-sleeve-fishing-shirt-109383201#repChildCatid=4163615;4.0
109383201;SGMGMF1610;112571730;Green Medium 01;X Large;0;Magellan Outdoors Men's Laguna Madre Solid Short Sleeve Fishing Shirt;Magellan Outdoors;17.99;The Magellan Outdoors Men's Laguna Madre Solid Short Sleeve Fishing Shirt is made of nylon and features 2 hook-and-loop pockets.;assets.academy.com/mgen/94/20058894.jpg;assets.academy.com/mgen/95/20058895.jpg;assets.academy.com/mgen/96/20058896.jpg;;Brands --> Magellan Outdoors --> Boys' Shoes & Boots by Magellan;https://www.academy.com/shop/pdp/magellan-outdoors-mens-laguna-madre-solid-short-sleeve-fishing-shirt-109383201#repChildCatid=4163615;5.0
109383201;SGMGMF1610;112571756;Green Medium 01;XX Large;0;Magellan Outdoors Men's Laguna Madre Solid Short Sleeve Fishing Shirt;Magellan Outdoors;17.99;The Magellan Outdoors Men's Laguna Madre Solid Short Sleeve Fishing Shirt is made of nylon and features 2 hook-and-loop pockets.;assets.academy.com/mgen/94/20058894.jpg;assets.academy.com/mgen/95/20058895.jpg;assets.academy.com/mgen/96/20058896.jpg;;Brands --> Magellan Outdoors --> Boys' Shoes & Boots by Magellan;https://www.academy.com/shop/pdp/magellan-outdoors-mens-laguna-madre-solid-short-sleeve-fishing-shirt-109383201#repChildCatid=4163615;4.0
109383201;SGMGMF1610;112571772;Green Medium 01;XXX Large;0;Magellan Outdoors Men's Laguna Madre Solid Short Sleeve Fishing Shirt;Magellan Outdoors;17.99;The Magellan Outdoors Men's Laguna Madre Solid Short Sleeve Fishing Shirt is made of nylon and features 2 hook-and-loop pockets.;assets.academy.com/mgen/94/20058894.jpg;assets.academy.com/mgen/95/20058895.jpg;assets.academy.com/mgen/96/20058896.jpg;;Brands --> Magellan Outdoors --> Boys' Shoes & Boots by Magellan;https://www.academy.com/shop/pdp/magellan-outdoors-mens-laguna-madre-solid-short-sleeve-fishing-shirt-109383201#repChildCatid=4163615;2.0
109383201;SGMGMF1610;111073190;Red Bright 01;X Small;0;Magellan Outdoors Men's Laguna Madre Solid Short Sleeve Fishing Shirt;Magellan Outdoors;17.99;The Magellan Outdoors Men's Laguna Madre Solid Short Sleeve Fishing Shirt is made of nylon and features 2 hook-and-loop pockets.;assets.academy.com/mgen/04/20063204.jpg;assets.academy.com/mgen/05/20063205.jpg;assets.academy.com/mgen/06/20063206.jpg;;Brands --> Magellan Outdoors --> Boys' Shoes & Boots by Magellan;https://www.academy.com/shop/pdp/magellan-outdoors-mens-laguna-madre-solid-short-sleeve-fishing-shirt-109383201#repChildCatid=4163615;1.0
109383201;SGMGMF1610;111073202;Red Bright 01;Small;0;Magellan Outdoors Men's Laguna Madre Solid Short Sleeve Fishing Shirt;Magellan Outdoors;17.99;The Magellan Outdoors Men's Laguna Madre Solid Short Sleeve Fishing Shirt is made of nylon and features 2 hook-and-loop pockets.;assets.academy.com/mgen/04/20063204.jpg;assets.academy.com/mgen/05/20063205.jpg;assets.academy.com/mgen/06/20063206.jpg;;Brands --> Magellan Outdoors --> Boys' Shoes & Boots by Magellan;https://www.academy.com/shop/pdp/magellan-outdoors-mens-laguna-madre-solid-short-sleeve-fishing-shirt-109383201#repChildCatid=4163615;1.0
109383201;SGMGMF1610;111073211;Red Bright 01;Medium;0;Magellan Outdoors Men's Laguna Madre Solid Short Sleeve Fishing Shirt;Magellan Outdoors;17.99;The Magellan Outdoors Men's Laguna Madre Solid Short Sleeve Fishing Shirt is made of nylon and features 2 hook-and-loop pockets.;assets.academy.com/mgen/04/20063204.jpg;assets.academy.com/mgen/05/20063205.jpg;assets.academy.com/mgen/06/20063206.jpg;;Brands --> Magellan Outdoors --> Boys' Shoes & Boots by Magellan;https://www.academy.com/shop/pdp/magellan-outdoors-mens-laguna-madre-solid-short-sleeve-fishing-shirt-109383201#repChildCatid=4163615;2.0
109383201;SGMGMF1610;111073229;Red Bright 01;Large;0;Magellan Outdoors Men's Laguna Madre Solid Short Sleeve Fishing Shirt;Magellan Outdoors;17.99;The Magellan Outdoors Men's Laguna Madre Solid Short Sleeve Fishing Shirt is made of nylon and features 2 hook-and-loop pockets.;assets.academy.com/mgen/04/20063204.jpg;assets.academy.com/mgen/05/20063205.jpg;assets.academy.com/mgen/06/20063206.jpg;;Brands --> Magellan Outdoors --> Boys' Shoes & Boots by Magellan;https://www.academy.com/shop/pdp/magellan-outdoors-mens-laguna-madre-solid-short-sleeve-fishing-shirt-109383201#repChildCatid=4163615;3.0
109383201;SGMGMF1610;111073237;Red Bright 01;X Large;0;Magellan Outdoors Men's Laguna Madre Solid Short Sleeve Fishing Shirt;Magellan Outdoors;17.99;The Magellan Outdoors Men's Laguna Madre Solid Short Sleeve Fishing Shirt is made of nylon and features 2 hook-and-loop pockets.;assets.academy.com/mgen/04/20063204.jpg;assets.academy.com/mgen/05/20063205.jpg;assets.academy.com/mgen/06/20063206.jpg;;Brands --> Magellan Outdoors --> Boys' Shoes & Boots by Magellan;https://www.academy.com/shop/pdp/magellan-outdoors-mens-laguna-madre-solid-short-sleeve-fishing-shirt-109383201#repChildCatid=4163615;2.0
109383201;SGMGMF1610;111073245;Red Bright 01;XX Large;0;Magellan Outdoors Men's Laguna Madre Solid Short Sleeve Fishing Shirt;Magellan Outdoors;17.99;The Magellan Outdoors Men's Laguna Madre Solid Short Sleeve Fishing Shirt is made of nylon and features 2 hook-and-loop pockets.;assets.academy.com/mgen/04/20063204.jpg;assets.academy.com/mgen/05/20063205.jpg;assets.academy.com/mgen/06/20063206.jpg;;Brands --> Magellan Outdoors --> Boys' Shoes & Boots by Magellan;https://www.academy.com/shop/pdp/magellan-outdoors-mens-laguna-madre-solid-short-sleeve-fishing-shirt-109383201#repChildCatid=4163615;1.0
109383201;SGMGMF1610;111073253;Red Bright 01;XXX Large;0;Magellan Outdoors Men's Laguna Madre Solid Short Sleeve Fishing Shirt;Magellan Outdoors;17.99;The Magellan Outdoors Men's Laguna Madre Solid Short Sleeve Fishing Shirt is made of nylon and features 2 hook-and-loop pockets.;assets.academy.com/mgen/04/20063204.jpg;assets.academy.com/mgen/05/20063205.jpg;assets.academy.com/mgen/06/20063206.jpg;;Brands --> Magellan Outdoors --> Boys' Shoes & Boots by Magellan;https://www.academy.com/shop/pdp/magellan-outdoors-mens-laguna-madre-solid-short-sleeve-fishing-shirt-109383201#repChildCatid=4163615;2.0
109383201;SGMGMF1610;111083267;Red Bright 01;XXXX Large;0;Magellan Outdoors Men's Laguna Madre Solid Short Sleeve Fishing Shirt;Magellan Outdoors;17.99;The Magellan Outdoors Men's Laguna Madre Solid Short Sleeve Fishing Shirt is made of nylon and features 2 hook-and-loop pockets.;assets.academy.com/mgen/04/20063204.jpg;assets.academy.com/mgen/05/20063205.jpg;assets.academy.com/mgen/06/20063206.jpg;;Brands --> Magellan Outdoors --> Boys' Shoes & Boots by Magellan;https://www.academy.com/shop/pdp/magellan-outdoors-mens-laguna-madre-solid-short-sleeve-fishing-shirt-109383201#repChildCatid=4163615;1.0
109383201;SGMGMF1610;111083275;Red Bright 01;X Large Tall;0;Magellan Outdoors Men's Laguna Madre Solid Short Sleeve Fishing Shirt;Magellan Outdoors;17.99;The Magellan Outdoors Men's Laguna Madre Solid Short Sleeve Fishing Shirt is made of nylon and features 2 hook-and-loop pockets.;assets.academy.com/mgen/04/20063204.jpg;assets.academy.com/mgen/05/20063205.jpg;assets.academy.com/mgen/06/20063206.jpg;;Brands --> Magellan Outdoors --> Boys' Shoes & Boots by Magellan;https://www.academy.com/shop/pdp/magellan-outdoors-mens-laguna-madre-solid-short-sleeve-fishing-shirt-109383201#repChildCatid=4163615;1.0
109383201;SGMGMF1610;111083283;Red Bright 01;XX Large Tall;0;Magellan Outdoors Men's Laguna Madre Solid Short Sleeve Fishing Shirt;Magellan Outdoors;17.99;The Magellan Outdoors Men's Laguna Madre Solid Short Sleeve Fishing Shirt is made of nylon and features 2 hook-and-loop pockets.;assets.academy.com/mgen/04/20063204.jpg;assets.academy.com/mgen/05/20063205.jpg;assets.academy.com/mgen/06/20063206.jpg;;Brands --> Magellan Outdoors --> Boys' Shoes & Boots by Magellan;https://www.academy.com/shop/pdp/magellan-outdoors-mens-laguna-madre-solid-short-sleeve-fishing-shirt-109383201#repChildCatid=4163615;1.0
